stat,value
rhat_mean,1.0033072317883462
rhat_median,1.0026335331866738
rhat_max,1.0149986082591864
ess_mean,1294.4904846951097
ess_median,1351.4143670000544
ess_min,421.9480815404119
n_diverging,
