stat,value
rhat_mean,1.0035590190801815
rhat_median,1.0029293150289296
rhat_max,1.0150436198072896
ess_mean,1305.968702877211
ess_median,1338.860642732614
ess_min,390.38984695013585
n_diverging,
