stat,value
rhat_mean,1.0014857251192555
rhat_median,1.0008675717092206
rhat_max,1.0085441356697122
ess_mean,3047.172232219362
ess_median,3440.8672468693976
ess_min,524.7288654371297
n_diverging,
