stat,value
rhat_mean,1.002011364366871
rhat_median,1.0014369049333205
rhat_max,1.016115219083949
ess_mean,1870.7038875872
ess_median,1647.7421443787905
ess_min,611.9656924788238
