stat,value
rhat_mean,1.0021096671773349
rhat_median,1.0014479556326423
rhat_max,1.0107016190646525
ess_mean,1845.1936136808629
ess_median,1764.8928406341847
ess_min,611.9656924788238
