stat,value
rhat_mean,1.0021454537046723
rhat_median,1.0015060117479528
rhat_max,1.0124538441263646
ess_mean,1877.6972665595872
ess_median,1689.1495706158532
ess_min,548.4311129066681
