stat,value
rhat_mean,1.001506159232452
rhat_median,1.000810982294336
rhat_max,1.01487705879379
ess_mean,3342.5046712152916
ess_median,3407.1551889713655
ess_min,282.55270105271336
