stat,value
rhat_mean,1.0008920111069892
rhat_median,1.0006513375436366
rhat_max,1.0051944863425708
ess_mean,3173.2005864701205
ess_median,3180.545700068436
ess_min,1257.8488411020774
