stat,value
rhat_mean,1.0009128105781069
rhat_median,1.000613643804089
rhat_max,1.0073291444680401
ess_mean,3151.343138320924
ess_median,3152.8543282047926
ess_min,1315.0462882504762
