stat,value
rhat_mean,1.000741265893793
rhat_median,1.0005659005689642
rhat_max,1.0047823636811
ess_mean,3820.848207052071
ess_median,3989.8038149259582
ess_min,1090.3206666277238
