stat,value
rhat_mean,1.000734031000553
rhat_median,1.000552643970861
rhat_max,1.0062132176128862
ess_mean,3261.2816509310233
ess_median,3330.628237921256
ess_min,1365.5620044123355
