stat,value
rhat_mean,1.0039911347565413
rhat_median,1.0005195131731313
rhat_max,1.0232520651549166
ess_mean,3729.7518794338316
ess_median,4559.483569767588
ess_min,194.91161835723122
n_diverging,0.0
cases_rhat_max,1.028925303513913
cases_ess_min,202.5351327904078
cases_ess_median,1136.4389356131976
