method,prob,prob_lower,prob_upper
true,0.970250216315246,,
naive_true_r,0.13709417981870675,,
naive_est_r,0.15246785011857386,0.04388579384200254,0.3541385691567466
imperfect_true_r,0.8360725878850028,0.5333390396574356,0.9761046789522495
imperfect_est_r,0.9505887673990416,0.5776785551487927,1.0
