stat,value
rhat_mean,1.0009757560687162
rhat_median,1.0008087864539947
rhat_max,1.004685947038806
ess_mean,5527.578617818328
ess_median,5566.747216346233
ess_min,4385.029215498286
n_diverging,0.0
