stat,value
rhat_mean,1.0008058284380603
rhat_median,1.0006550731125694
rhat_max,1.004086189552688
ess_mean,3251.8026610093107
ess_median,2915.6845481355767
ess_min,1275.5338768986098
