stat,value
rhat_mean,1.0006644439317507
rhat_median,1.0003970858459514
rhat_max,1.004035204076551
ess_mean,3194.692755366923
ess_median,3018.2485824079963
ess_min,1448.6851002413696
