stat,value
rhat_mean,1.0005184291302422
rhat_median,1.000441388678852
rhat_max,1.0026490514096333
ess_mean,3142.8737315508683
ess_median,2784.975657587916
ess_min,1344.9799555607615
