stat,value
rhat_mean,1.000811264401187
rhat_median,1.0005743230386834
rhat_max,1.0045570691781769
ess_mean,5560.176441395089
ess_median,5521.741615302717
ess_min,4595.042566323526
n_diverging,0.0
