stat,value
rhat_mean,1.0008230958467128
rhat_median,1.0006449066107979
rhat_max,1.00331062852426
ess_mean,3130.1327939154025
ess_median,2745.372804138959
ess_min,1278.1591523148045
