stat,value
rhat_mean,1.0014625006294697
rhat_median,1.0008398904124136
rhat_max,1.0052146517057665
ess_mean,3316.298062028338
ess_median,3243.6403398194707
ess_min,1210.4688808576652
