stat,value
rhat_mean,1.0010386628286627
rhat_median,1.0008052956540412
rhat_max,1.0044622946024837
ess_mean,5822.08979652359
ess_median,5818.153339696924
ess_min,5143.731178392228
n_diverging,0.0
