stat,value
rhat_mean,1.001055664896974
rhat_median,1.0008452435487043
rhat_max,1.0045324039619818
ess_mean,5660.511589434953
ess_median,5695.611925552552
ess_min,4802.784969448335
n_diverging,0.0
