stat,value
rhat_mean,1.0007763995925325
rhat_median,1.0005996308657057
rhat_max,1.0038983550497915
ess_mean,6602.705497404569
ess_median,6612.930053222772
ess_min,5364.715899344313
n_diverging,0.0
