stat,value
rhat_mean,1.0007743504777213
rhat_median,1.000618584729215
rhat_max,1.0035032284967176
ess_mean,3339.731880390886
ess_median,3189.2604956434525
ess_min,1564.4814571303016
