stat,value
rhat_mean,1.0011588582274435
rhat_median,1.0008729234320761
rhat_max,1.005910287845332
ess_mean,8106.004925311921
ess_median,8091.5046963272125
ess_min,5850.004363593074
n_diverging,0.0
