stat,value
rhat_mean,1.0005041019005332
rhat_median,1.0003397399653668
rhat_max,1.002981446546894
ess_mean,4085.6930498200077
ess_median,4260.294785952097
ess_min,2347.555391338517
