stat,value
rhat_mean,1.0004851362252325
rhat_median,1.000350524829544
rhat_max,1.0026561468241668
ess_mean,4031.843015766065
ess_median,4099.959405435293
ess_min,2126.4071558380033
