stat,value
rhat_mean,1.0013390192269338
rhat_median,1.0010750117736273
rhat_max,1.0066216179154037
ess_mean,7720.210861729946
ess_median,7903.085778706726
ess_min,5780.090412061337
n_diverging,0.0
