stat,value
rhat_mean,1.0009233918149842
rhat_median,1.000407928227823
rhat_max,1.0050465979043397
ess_mean,4025.926245920667
ess_median,4075.471855364826
ess_min,2285.998413581
