stat,value
rhat_mean,1.0007932891497375
rhat_median,1.000505468578359
rhat_max,1.0053203797392678
ess_mean,7725.921720289067
ess_median,7763.115413895333
ess_min,6247.23204548716
n_diverging,0.0
