stat,value
rhat_mean,1.0007910805613645
rhat_median,1.0006707191572968
rhat_max,1.0053758285058116
ess_mean,7353.21229682053
ess_median,7386.340703419679
ess_min,5185.72228736974
n_diverging,0.0
