stat,value
rhat_mean,1.0007008915269637
rhat_median,1.0004688515658082
rhat_max,1.0068876850155535
ess_mean,6829.170835086082
ess_median,6944.872857626528
ess_min,4627.944871469488
n_diverging,0.0
