stat,value
rhat_mean,1.0004147891598052
rhat_median,1.0003753322125333
rhat_max,1.0021431216545973
ess_mean,4080.4686923982126
ess_median,4295.2829513533725
ess_min,2354.9549672313597
