stat,value
rhat_mean,1.0003878018458274
rhat_median,1.0003139806129984
rhat_max,1.002816191599612
ess_mean,4131.528457063465
ess_median,4339.15407802482
ess_min,2637.294214730553
