stat,value
rhat_mean,1.000465236536645
rhat_median,1.0003827958357752
rhat_max,1.003096214298319
ess_mean,4037.020375098972
ess_median,4203.989993348439
ess_min,2005.4460014805188
