stat,value
rhat_mean,1.0010111702999807
rhat_median,1.0005322186969376
rhat_max,1.0050469713990526
ess_mean,3945.331941161601
ess_median,3884.566939901224
ess_min,2140.7878442309434
