stat,value
rhat_mean,1.0017129286217952
rhat_median,1.001246784147757
rhat_max,1.0056799767541036
ess_mean,3260.5361630089114
ess_median,2790.6940251738038
ess_min,987.0487371762738
