stat,value
rhat_mean,1.0009415817663814
rhat_median,1.0006446830004105
rhat_max,1.0046175017888734
ess_mean,5821.922303002258
ess_median,5912.397269475169
ess_min,4469.331155227742
n_diverging,0.0
