stat,value
rhat_mean,1.0012130522196432
rhat_median,1.0005968113652925
rhat_max,1.0066796826506506
ess_mean,3092.2901505379236
ess_median,2327.3282227154054
ess_min,746.2301687567115
