stat,value
rhat_mean,1.0020716803119099
rhat_median,1.0013645277621606
rhat_max,1.007722500494207
ess_mean,3016.860696707637
ess_median,2407.570380317906
ess_min,921.5767935276139
