stat,value
rhat_mean,1.0012572310733547
rhat_median,1.0011547835324395
rhat_max,1.0042345585311871
ess_mean,5590.8528337381085
ess_median,5558.366196946053
ess_min,4438.803175172918
n_diverging,0.0
