stat,value
rhat_mean,1.0009095269782617
rhat_median,1.0008203109478666
rhat_max,1.0036495758838302
ess_mean,5746.589416446452
ess_median,5758.341380619097
ess_min,4771.9675934269435
n_diverging,0.0
