stat,value
rhat_mean,1.001197395531224
rhat_median,1.0006650732930185
rhat_max,1.0060588697847705
ess_mean,3144.4679635316384
ess_median,3431.809440244814
ess_min,923.7262226294546
