stat,value
rhat_mean,1.0016580253379521
rhat_median,1.0014771066564854
rhat_max,1.005861065959968
ess_mean,3066.7753981174833
ess_median,2377.7259324888782
ess_min,956.4747050979151
