stat,value
rhat_mean,1.0019280994521138
rhat_median,1.0015448926448116
rhat_max,1.0071583434600992
ess_mean,3211.345434052615
ess_median,2709.1128149670226
ess_min,849.4054715404696
