stat,value
rhat_mean,1.0004714284543914
rhat_median,1.0003695384762608
rhat_max,1.002645607855906
ess_mean,3984.1003174529883
ess_median,4196.325610924727
ess_min,2509.4557495090444
