stat,value
rhat_mean,1.0008752675621087
rhat_median,1.000615831182661
rhat_max,1.0044183165499647
ess_mean,8186.7007302487
ess_median,8255.324038717245
ess_min,5432.259800161296
n_diverging,0.0
