stat,value
rhat_mean,1.0005133959892805
rhat_median,1.0004284925761966
rhat_max,1.002470971160892
ess_mean,4049.783503379395
ess_median,4199.529994005099
ess_min,2685.9567595738777
