stat,value
rhat_mean,1.0008176815927614
rhat_median,1.000600949848424
rhat_max,1.0045676904563272
ess_mean,6572.557616260883
ess_median,6695.475123110416
ess_min,3803.0425719454383
n_diverging,0.0
