stat,value
rhat_mean,1.0004703013491276
rhat_median,1.0003550387740698
rhat_max,1.0021428244787358
ess_mean,4021.013915111302
ess_median,4362.961370548437
ess_min,2510.417627254417
