stat,value
rhat_mean,1.0009253715086637
rhat_median,1.0006955176685413
rhat_max,1.0044020999930925
ess_mean,4118.236171849902
ess_median,4681.872459704898
ess_min,2340.6740025522868
