stat,value
rhat_mean,1.001016553809684
rhat_median,1.0007913313258467
rhat_max,1.0047281303804168
ess_mean,7924.280690821608
ess_median,7948.6168424947155
ess_min,5718.074838450666
n_diverging,0.0
