stat,value
rhat_mean,1.0005253208842457
rhat_median,1.000203988267053
rhat_max,1.0039450910839376
ess_mean,4081.1337093871975
ess_median,4523.364275024592
ess_min,2317.246265509061
