stat,value
rhat_mean,1.0015106323134195
rhat_median,1.001188995680097
rhat_max,1.0057064276655743
ess_mean,1936.4910135751124
ess_median,1653.1848431683056
ess_min,716.5350372602528
