stat,value
rhat_mean,1.0009698473398285
rhat_median,1.000768373692881
rhat_max,1.008502299497212
ess_mean,5904.611307800313
ess_median,5600.129068782366
ess_min,3926.4654925642276
n_diverging,0.0
