stat,value
rhat_mean,1.001748628539436
rhat_median,1.0012132158814788
rhat_max,1.013089447278278
ess_mean,1955.1117200095946
ess_median,1701.6513414359151
ess_min,753.6225602023795
