stat,value
rhat_mean,1.0009891046211417
rhat_median,1.0007397650660823
rhat_max,1.0047457737045027
ess_mean,6380.694131865767
ess_median,5709.87857969451
ess_min,4741.609412397776
n_diverging,
