stat,value
rhat_mean,1.001770130754936
rhat_median,1.0014449814893644
rhat_max,1.0067561762080501
ess_mean,1938.272410278552
ess_median,1654.062019351139
ess_min,685.8516592786104
