stat,value
rhat_mean,1.0013393725287034
rhat_median,1.0009381033656082
rhat_max,1.0093566267622243
ess_mean,2995.1011792054096
ess_median,2892.740387891876
ess_min,601.5485110260458
