stat,value
rhat_mean,1.0009736192761651
rhat_median,1.0007563639096102
rhat_max,1.0044402817480296
ess_mean,6313.141295763031
ess_median,5734.43037972973
ess_min,4237.252905592483
n_diverging,
