stat,value
rhat_mean,1.0005705410970425
rhat_median,1.0004034396509054
rhat_max,1.0037705860566355
ess_mean,3249.816447574367
ess_median,3213.725416106199
ess_min,1286.3414686593567
