stat,value
rhat_mean,1.0007835361326907
rhat_median,1.0006367782291363
rhat_max,1.003859342739664
ess_mean,2869.760492757032
ess_median,2686.519257326758
ess_min,1354.894952947407
