stat,value
rhat_mean,1.0006401065715615
rhat_median,1.0004348744010145
rhat_max,1.005614111797281
ess_mean,3776.7376249594195
ess_median,3917.225301416721
ess_min,992.3931516392157
