stat,value
rhat_mean,1.0007563858664377
rhat_median,1.0006145222144744
rhat_max,1.0027391587268326
ess_mean,2922.09144519852
ess_median,2772.2581079596066
ess_min,1352.3452778110084
