stat,value
rhat_mean,1.0008655724635893
rhat_median,1.0006929591634668
rhat_max,1.0055316626829574
ess_mean,2834.699904135841
ess_median,2683.89992861259
ess_min,1344.8893262107506
