stat,value
rhat_mean,1.0009480840557377
rhat_median,1.0007773846394923
rhat_max,1.004377799621179
ess_mean,6972.648043105126
ess_median,6606.668910476512
ess_min,4432.762083420239
n_diverging,
