stat,value
rhat_mean,1.0008592934209553
rhat_median,1.0005431904330475
rhat_max,1.0071213364368559
ess_mean,6904.519184451426
ess_median,6576.511800690287
ess_min,4702.543742734664
n_diverging,
