stat,value
rhat_mean,1.000302274644082
rhat_median,1.000293068919094
rhat_max,1.0016118452526963
ess_mean,10355.210844017132
ess_median,9741.618584267346
ess_min,7185.127852508842
n_diverging,0.0
incidence_rhat_max,1.0025877460140609
incidence_ess_min,1801.4190762812495
incidence_ess_median,4797.644585826893
