stat,value
rhat_mean,1.0012379826831537
rhat_median,1.000834060503277
rhat_max,1.004774303929529
ess_mean,2805.4112887858355
ess_median,2780.1679444823285
ess_min,1665.8078205358001
n_diverging,0.0
cases_rhat_max,1.0123212120137588
cases_ess_min,420.78683941241144
cases_ess_median,1289.6988948430153
