stat,value
rhat_mean,1.0008561426561426
rhat_median,1.000734014014937
rhat_max,1.0030107884261994
ess_mean,3552.637598079836
ess_median,3209.648836347589
ess_min,1953.882103241627
n_diverging,0.0
cases_rhat_max,1.0200522805769143
cases_ess_min,203.6065687604781
cases_ess_median,1290.3934503413957
