stat,value
rhat_mean,1.0001531757976527
rhat_median,1.0001044361476963
rhat_max,1.000751581843548
ess_mean,15299.551906169345
ess_median,17348.77191252404
ess_min,7047.660967528068
n_diverging,0.0
incidence_rhat_max,1.0025100441092019
incidence_ess_min,1524.6120405192312
incidence_ess_median,5037.282782708505
