stat,value
rhat_mean,1.001577788308572
rhat_median,1.0013721763436942
rhat_max,1.005914987561156
ess_mean,2253.9626158499736
ess_median,2349.5034904325676
ess_min,1201.8858344024657
n_diverging,0.0
cases_rhat_max,1.0139875789405834
cases_ess_min,726.3775402293181
cases_ess_median,1250.3835463238802
