stat,value
rhat_mean,1.0010033043130602
rhat_median,1.0007939780437427
rhat_max,1.004759352681463
ess_mean,2245.1190679263996
ess_median,2245.403878060875
ess_min,1354.9560576629578
n_diverging,0.0
cases_rhat_max,1.0091053365469387
cases_ess_min,641.7311294403605
cases_ess_median,1246.347303440135
